arm,seed,digest,runtimeMs,affect.count,affect.max,affect.mean,affect.min,cohort.d-1.alive,cohort.d-1.employment_rate,cohort.d-1.mean_wealth_cents,cohort.d-2.alive,cohort.d-2.employment_rate,cohort.d-2.mean_wealth_cents,cohort.d-3.alive,cohort.d-3.employment_rate,cohort.d-3.mean_wealth_cents,cohort.d-4.alive,cohort.d-4.employment_rate,cohort.d-4.mean_wealth_cents,cohort.d-5.alive,cohort.d-5.employment_rate,cohort.d-5.mean_wealth_cents,cohort.d-6.alive,cohort.d-6.employment_rate,cohort.d-6.mean_wealth_cents,cohort.d-7.alive,cohort.d-7.employment_rate,cohort.d-7.mean_wealth_cents,cohort.d-8.alive,cohort.d-8.employment_rate,cohort.d-8.mean_wealth_cents,cohort.d-9.alive,cohort.d-9.employment_rate,cohort.d-9.mean_wealth_cents,cohort.d0.alive,cohort.d0.employment_rate,cohort.d0.mean_wealth_cents,cohort.tracked,demographics.months_processed,economy.metrics_runs,economy.pension_deficit_cents,economy.pension_paid_cents,economy.tax_collected_cents,economy.welfare_deficit_cents,economy.welfare_paid_cents,economy.welfare_recipients,education.months_processed,education_dropout_rate,education_in_school,education_mean_skill,education_secondary_plus,employment_rate,family.avg_household_size,family.divorces,family.estates_unclaimed_cents,family.households_gc,family.marriages,family.months_processed,housing_crowded_share,housing_mean_burden,income.count,income.max,income.mean,income.min,institutions.funding_deficit_cents,institutions.funding_paid_cents,institutions_funding_ratio,institutions_overflow_pupils,institutions_pupils_assigned,invariant_checks_last,mean_income,mean_wealth,media_beliefs_lapsed,media_beliefs_total,media_hearings_total,media_last_piece_believed,media_last_piece_heard,media_pieces,media_reinforced_hearings,media_rumors_spawned,population,population.alive,population.children,population.childrenShare,population.persons,psychology.days_processed,social.edges_cleared_death,social.edges_pruned,social.friendships_drifted,social_edges,social_friendships,social_isolation_rate,social_mean_degree,stress.count,stress.max,stress.mean,stress.min,wealth_gini,wellbeing.count,wellbeing.max,wellbeing.mean,wellbeing.min
incomeTaxRate=0.1|welfareTransferCents=0|schoolFundingPerPupilCents=100000,42,2c98adc2,0,3616,0.039223,-0.000013,-0.045384,19,0,16555.578947,24,0.166667,283185.916667,17,0.647059,914829.411765,18,0.611111,1183565.611111,18,0.666667,1198451.444444,20,0.7,1340336.5,14,0.357143,1325306.571429,6,0,1086549.333333,4,0,1089708.75,9,0,17788,10,24,2,65318395,120796293,55477898,,,,24,0.216783,30,0.139006,0.715596,0.647727,2.098592,14,1848108,10,5,24,0.117647,0.384184,111,529000,404885.36036,143796,62400000,0,0,0,27,463,396650.210526,981257.979866,109,697,894,36,46,33,824,8,149,149,40,0.268456,156,720,51,680,6,1106,133,0,14.746667,3616,1,0.498391,0,0.62155,3616,0.728591,0.531375,0.279099
incomeTaxRate=0.1|welfareTransferCents=0|schoolFundingPerPupilCents=100000,43,87dd6a4b,0,3575,0.042582,-0.000033,-0.114345,22,0,0,22,0.227273,452377.545455,11,0.727273,1102293.545455,26,0.461538,778158.461538,13,0.538462,542963.538462,15,0.733333,1271334.333333,18,0.277778,1032538.277778,9,0,863070.222222,6,0,863393.166667,5,0,0,10,24,2,114892800,157977600,43084800,,,,24,0.192857,26,0.143874,0.770642,0.573171,2.070423,11,,4,2,24,0.177778,0.331011,95,441000,373831.578947,291000,59800000,0,0,0,24,453,373659.574468,825545.278912,110,661,840,36,44,30,749,6,147,147,38,0.258503,154,720,47,521,2,992,145,0.006803,13.496599,3575,1,0.524255,0,0.59423,3575,0.725988,0.521501,0.29281
incomeTaxRate=0.1|welfareTransferCents=0|schoolFundingPerPupilCents=100000,44,6abda50a,0,3543,0.010684,-0.000055,-0.111146,17,0,15146.352941,19,0.105263,184834.684211,21,0.47619,717148.190476,17,0.764706,1444374.882353,19,0.736842,1686743.947368,18,0.777778,1673667.388889,14,0.285714,1347075.928571,10,0,1308676.3,5,0,1373512.6,6,0,0,10,24,2,96109320,154764200,58654880,,,,24,0.198582,25,0.139736,0.725664,0.643678,2.115942,13,,13,7,24,0.113208,0.327845,110,588000,425663.336364,176894,51300000,0,0,0,21,459,419001.642857,1174796.219178,103,626,813,36,41,31,740,6,146,146,33,0.226027,153,720,67,585,,1006,123,0,13.780822,3543,1,0.493413,0,0.575162,3543,0.721112,0.534192,0.266651
incomeTaxRate=0.1|welfareTransferCents=0|schoolFundingPerPupilCents=400000,42,245927e1,0,3616,0.039223,-0.000013,-0.045384,19,0,16555.578947,24,0.166667,283185.916667,17,0.647059,914829.411765,18,0.611111,1183565.611111,18,0.666667,1198451.444444,20,0.7,1340336.5,14,0.357143,1325306.571429,6,0,1086549.333333,4,0,1089708.75,9,0,17788,10,24,2,65318395,120796293,55477898,,,,24,0.216783,30,0.139006,0.715596,0.647727,2.098592,14,1848108,10,5,24,0.117647,0.384184,111,529000,404885.36036,143796,249600000,0,0,0,27,463,396650.210526,981257.979866,109,697,894,36,46,33,824,8,149,149,40,0.268456,156,720,51,680,6,1106,133,0,14.746667,3616,1,0.498391,0,0.62155,3616,0.728591,0.531375,0.279099
incomeTaxRate=0.1|welfareTransferCents=0|schoolFundingPerPupilCents=400000,43,aed0a74b,0,3575,0.042582,-0.000033,-0.114345,22,0,0,22,0.227273,452377.545455,11,0.727273,1102293.545455,26,0.461538,778158.461538,13,0.538462,542963.538462,15,0.733333,1271334.333333,18,0.277778,1032538.277778,9,0,863070.222222,6,0,863393.166667,5,0,0,10,24,2,114892800,157977600,43084800,,,,24,0.192857,26,0.143874,0.770642,0.573171,2.070423,11,,4,2,24,0.177778,0.331011,95,441000,373831.578947,291000,239200000,0,0,0,24,453,373659.574468,825545.278912,110,661,840,36,44,30,749,6,147,147,38,0.258503,154,720,47,521,2,992,145,0.006803,13.496599,3575,1,0.524255,0,0.59423,3575,0.725988,0.521501,0.29281
incomeTaxRate=0.1|welfareTransferCents=0|schoolFundingPerPupilCents=400000,44,b195fb30,0,3543,0.010684,-0.000055,-0.111146,17,0,15146.352941,19,0.105263,184834.684211,21,0.47619,717148.190476,17,0.764706,1444374.882353,19,0.736842,1686743.947368,18,0.777778,1673667.388889,14,0.285714,1347075.928571,10,0,1308676.3,5,0,1373512.6,6,0,0,10,24,2,96109320,154764200,58654880,,,,24,0.198582,25,0.139736,0.725664,0.643678,2.115942,13,,13,7,24,0.113208,0.327845,110,588000,425663.336364,176894,205200000,0,0,0,21,459,419001.642857,1174796.219178,103,626,813,36,41,31,740,6,146,146,33,0.226027,153,720,67,585,,1006,123,0,13.780822,3543,1,0.493413,0,0.575162,3543,0.721112,0.534192,0.266651
incomeTaxRate=0.1|welfareTransferCents=250000|schoolFundingPerPupilCents=100000,42,cf76fc48,0,3616,0.039223,-0.000013,-0.045384,19,0,16555.578947,24,0.166667,548178.708333,17,0.647059,1379206.411765,18,0.611111,1610005.222222,18,0.666667,1565668.666667,20,0.7,1669703.8,14,0.357143,1408495.642857,6,0,1086549.333333,4,0,1089708.75,9,0,17788,10,24,2,120796293,120796293,55477898,142022102,197500000,33,24,0.216783,30,0.139006,0.715596,0.647727,2.098592,14,1848108,10,5,24,0.117647,0.164313,111,529000,404885.36036,143796,62400000,0,0,0,27,463,396650.210526,1278691.174497,109,697,894,36,46,33,824,8,149,149,40,0.268456,156,720,51,680,6,1106,133,0,14.746667,3616,1,0.462601,0,0.439326,3616,0.728591,0.546967,0.279099
incomeTaxRate=0.1|welfareTransferCents=250000|schoolFundingPerPupilCents=100000,43,d6833457,0,3575,0.042582,-0.000033,-0.114345,22,0,0,22,0.227273,555108.681818,11,0.727273,1401302.090909,26,0.461538,1376345.461538,13,0.538462,1050900.923077,15,0.733333,1564259.866667,18,0.277778,1172169.722222,9,0,863070.222222,6,0,863393.166667,5,0,0,10,24,2,157977600,157977600,43084800,144165200,187250000,35,24,0.192857,26,0.143874,0.770642,0.573171,2.070423,11,,4,2,24,0.177778,0.135596,95,441000,373831.578947,291000,59800000,0,0,0,24,453,373659.574468,1119053.972789,110,661,840,36,44,30,749,6,147,147,38,0.258503,154,720,47,521,2,992,145,0.006803,13.496599,3575,1,0.492125,0,0.401602,3575,0.725988,0.535277,0.29281
incomeTaxRate=0.1|welfareTransferCents=250000|schoolFundingPerPupilCents=100000,44,c670ecd5,0,3543,0.010684,-0.000055,-0.111146,17,0,15146.352941,19,0.105263,402696.736842,21,0.47619,1380530.047619,17,0.764706,1722254.823529,19,0.736842,1976329.842105,18,0.777778,2011001.611111,14,0.285714,1472031.857143,10,0,1308676.3,5,0,1373512.6,6,0,0,10,24,2,154764200,154764200,58654880,137095120,195750000,32,24,0.198582,25,0.139736,0.725664,0.643678,2.115942,13,,13,7,24,0.113208,0.127233,110,588000,425663.336364,176894,51300000,0,0,0,21,459,419001.642857,1475556.287671,103,626,813,36,41,31,740,6,146,146,33,0.226027,153,720,67,585,,1006,123,0,13.780822,3543,1,0.459923,0,0.410872,3543,0.721112,0.548482,0.266659
incomeTaxRate=0.1|welfareTransferCents=250000|schoolFundingPerPupilCents=400000,42,fe629b9f,0,3616,0.039223,-0.000013,-0.045384,19,0,16555.578947,24,0.166667,548178.708333,17,0.647059,1379206.411765,18,0.611111,1610005.222222,18,0.666667,1565668.666667,20,0.7,1669703.8,14,0.357143,1408495.642857,6,0,1086549.333333,4,0,1089708.75,9,0,17788,10,24,2,120796293,120796293,55477898,142022102,197500000,33,24,0.216783,30,0.139006,0.715596,0.647727,2.098592,14,1848108,10,5,24,0.117647,0.164313,111,529000,404885.36036,143796,249600000,0,0,0,27,463,396650.210526,1278691.174497,109,697,894,36,46,33,824,8,149,149,40,0.268456,156,720,51,680,6,1106,133,0,14.746667,3616,1,0.462601,0,0.439326,3616,0.728591,0.546967,0.279099
incomeTaxRate=0.1|welfareTransferCents=250000|schoolFundingPerPupilCents=400000,43,efaea93d,0,3575,0.042582,-0.000033,-0.114345,22,0,0,22,0.227273,555108.681818,11,0.727273,1401302.090909,26,0.461538,1376345.461538,13,0.538462,1050900.923077,15,0.733333,1564259.866667,18,0.277778,1172169.722222,9,0,863070.222222,6,0,863393.166667,5,0,0,10,24,2,157977600,157977600,43084800,144165200,187250000,35,24,0.192857,26,0.143874,0.770642,0.573171,2.070423,11,,4,2,24,0.177778,0.135596,95,441000,373831.578947,291000,239200000,0,0,0,24,453,373659.574468,1119053.972789,110,661,840,36,44,30,749,6,147,147,38,0.258503,154,720,47,521,2,992,145,0.006803,13.496599,3575,1,0.492125,0,0.401602,3575,0.725988,0.535277,0.29281
incomeTaxRate=0.1|welfareTransferCents=250000|schoolFundingPerPupilCents=400000,44,bc62f121,0,3543,0.010684,-0.000055,-0.111146,17,0,15146.352941,19,0.105263,402696.736842,21,0.47619,1380530.047619,17,0.764706,1722254.823529,19,0.736842,1976329.842105,18,0.777778,2011001.611111,14,0.285714,1472031.857143,10,0,1308676.3,5,0,1373512.6,6,0,0,10,24,2,154764200,154764200,58654880,137095120,195750000,32,24,0.198582,25,0.139736,0.725664,0.643678,2.115942,13,,13,7,24,0.113208,0.127233,110,588000,425663.336364,176894,205200000,0,0,0,21,459,419001.642857,1475556.287671,103,626,813,36,41,31,740,6,146,146,33,0.226027,153,720,67,585,,1006,123,0,13.780822,3543,1,0.459923,0,0.410872,3543,0.721112,0.548482,0.266659
incomeTaxRate=0|welfareTransferCents=0|schoolFundingPerPupilCents=100000,42,08b5e858,0,3616,0.039223,-0.000013,-0.045384,19,0,16555.578947,24,0.166667,413322.916667,17,0.647059,1424104.294118,18,0.611111,1771471.166667,18,0.666667,1801690.333333,20,0.7,1997336.1,14,0.357143,1792128.285714,6,0,1086549.333333,4,0,1089708.75,9,0,17788,10,24,2,120796293,120796293,,,,,24,0.216783,30,0.139006,0.715596,0.647727,2.098592,14,1848108,10,5,24,0.117647,0.384184,111,529000,404885.36036,143796,62400000,0,0,0,27,463,396650.210526,1351608.442953,109,697,894,36,46,33,824,8,149,149,40,0.268456,156,720,51,680,6,1106,133,0,14.746667,3616,1,0.481901,0,0.632805,3616,0.728591,0.537907,0.293509
incomeTaxRate=0|welfareTransferCents=0|schoolFundingPerPupilCents=100000,43,428701cd,0,3575,0.042582,-0.000033,-0.114345,22,0,0,22,0.227273,661886.636364,11,0.727273,1734584.454545,26,0.461538,1188443.076923,13,0.538462,903355.846154,15,0.733333,1937874.333333,18,0.277778,1275571.611111,9,0,863070.222222,6,0,863393.166667,5,0,0,10,24,2,157977600,157977600,,,,,24,0.192857,26,0.143874,0.770642,0.573171,2.070423,11,,4,2,24,0.177778,0.331011,95,441000,373831.578947,291000,59800000,0,0,0,24,453,373659.574468,1118639.156463,110,661,840,36,44,30,749,6,147,147,38,0.258503,154,720,47,521,2,992,145,0.006803,13.496599,3575,1,0.510212,0,0.621281,3575,0.725988,0.527207,0.29281
incomeTaxRate=0|welfareTransferCents=0|schoolFundingPerPupilCents=100000,44,f09d055e,0,3543,0.010684,-0.000055,-0.111146,17,0,35096.352941,19,0.105263,274413.631579,21,0.47619,1077044.619048,17,0.764706,2160359.588235,19,0.736842,2489983.421053,18,0.777778,2496426.833333,14,0.285714,1663761.357143,10,0,1308676.3,5,0,1373512.6,6,0,0,10,24,2,154764200,154764200,,,,,24,0.198582,25,0.139736,0.725664,0.643678,2.115942,13,,13,7,24,0.113208,0.327845,110,588000,425663.336364,176894,51300000,0,0,0,21,459,419001.642857,1576539.794521,103,626,813,36,41,31,740,6,146,146,33,0.226027,153,720,67,585,,1006,123,0,13.780822,3543,1,0.476011,0,0.591658,3543,0.721112,0.540917,0.266651
incomeTaxRate=0|welfareTransferCents=0|schoolFundingPerPupilCents=400000,42,b36fe08b,0,3616,0.039223,-0.000013,-0.045384,19,0,16555.578947,24,0.166667,413322.916667,17,0.647059,1424104.294118,18,0.611111,1771471.166667,18,0.666667,1801690.333333,20,0.7,1997336.1,14,0.357143,1792128.285714,6,0,1086549.333333,4,0,1089708.75,9,0,17788,10,24,2,120796293,120796293,,,,,24,0.216783,30,0.139006,0.715596,0.647727,2.098592,14,1848108,10,5,24,0.117647,0.384184,111,529000,404885.36036,143796,249600000,0,0,0,27,463,396650.210526,1351608.442953,109,697,894,36,46,33,824,8,149,149,40,0.268456,156,720,51,680,6,1106,133,0,14.746667,3616,1,0.481901,0,0.632805,3616,0.728591,0.537907,0.293509
incomeTaxRate=0|welfareTransferCents=0|schoolFundingPerPupilCents=400000,43,9eb26f87,0,3575,0.042582,-0.000033,-0.114345,22,0,0,22,0.227273,661886.636364,11,0.727273,1734584.454545,26,0.461538,1188443.076923,13,0.538462,903355.846154,15,0.733333,1937874.333333,18,0.277778,1275571.611111,9,0,863070.222222,6,0,863393.166667,5,0,0,10,24,2,157977600,157977600,,,,,24,0.192857,26,0.143874,0.770642,0.573171,2.070423,11,,4,2,24,0.177778,0.331011,95,441000,373831.578947,291000,239200000,0,0,0,24,453,373659.574468,1118639.156463,110,661,840,36,44,30,749,6,147,147,38,0.258503,154,720,47,521,2,992,145,0.006803,13.496599,3575,1,0.510212,0,0.621281,3575,0.725988,0.527207,0.29281
incomeTaxRate=0|welfareTransferCents=0|schoolFundingPerPupilCents=400000,44,11260d92,0,3543,0.010684,-0.000055,-0.111146,17,0,35096.352941,19,0.105263,274413.631579,21,0.47619,1077044.619048,17,0.764706,2160359.588235,19,0.736842,2489983.421053,18,0.777778,2496426.833333,14,0.285714,1663761.357143,10,0,1308676.3,5,0,1373512.6,6,0,0,10,24,2,154764200,154764200,,,,,24,0.198582,25,0.139736,0.725664,0.643678,2.115942,13,,13,7,24,0.113208,0.327845,110,588000,425663.336364,176894,205200000,0,0,0,21,459,419001.642857,1576539.794521,103,626,813,36,41,31,740,6,146,146,33,0.226027,153,720,67,585,,1006,123,0,13.780822,3543,1,0.476011,0,0.591658,3543,0.721112,0.540917,0.266651
incomeTaxRate=0|welfareTransferCents=250000|schoolFundingPerPupilCents=100000,42,6cd93029,0,3616,0.039223,-0.000013,-0.045384,19,0,16555.578947,24,0.166667,682203.291667,17,0.647059,1888481.294118,18,0.611111,2197910.777778,18,0.666667,2168907.555556,20,0.7,2332175,14,0.357143,1875317.357143,6,0,1086549.333333,4,0,1089708.75,9,0,17788,10,24,2,120796293,120796293,,197500000,197500000,33,24,0.216783,30,0.139006,0.715596,0.647727,2.098592,14,1848108,10,5,24,0.117647,0.164313,111,529000,404885.36036,143796,62400000,0,0,0,27,463,396650.210526,1650433.61745,109,697,894,36,46,33,824,8,149,149,40,0.268456,156,720,51,680,6,1106,133,0,14.746667,3616,1,0.445906,0,0.482846,3616,0.728591,0.55356,0.293509
incomeTaxRate=0|welfareTransferCents=250000|schoolFundingPerPupilCents=100000,43,96ca123d,0,3575,0.042582,-0.000033,-0.114345,22,0,0,22,0.227273,764617.772727,11,0.727273,2033593,26,0.461538,1786630.076923,13,0.538462,1411293.230769,15,0.733333,2230799.866667,18,0.277778,1415203.055556,9,0,863070.222222,6,0,863393.166667,5,0,0,10,24,2,157977600,157977600,,187250000,187250000,35,24,0.192857,26,0.143874,0.770642,0.573171,2.070423,11,,4,2,24,0.177778,0.135596,95,441000,373831.578947,291000,59800000,0,0,0,24,453,373659.574468,1412147.85034,110,661,840,36,44,30,749,6,147,147,38,0.258503,154,720,47,521,2,992,145,0.006803,13.496599,3575,1,0.478015,0,0.458632,3575,0.725988,0.54099,0.29281
incomeTaxRate=0|welfareTransferCents=250000|schoolFundingPerPupilCents=100000,44,4689506f,0,3543,0.010684,-0.000055,-0.111146,17,0,35096.352941,19,0.105263,492275.684211,21,0.47619,1740426.47619,17,0.764706,2438258.235294,19,0.736842,2779569.315789,18,0.777778,2833761.055556,14,0.285714,1788717.285714,10,0,1308676.3,5,0,1373512.6,6,0,0,10,24,2,154764200,154764200,,195750000,195750000,32,24,0.198582,25,0.139736,0.725664,0.643678,2.115942,13,,13,7,24,0.113208,0.127233,110,588000,425663.336364,176894,51300000,0,0,0,21,459,419001.642857,1877302.041096,103,626,813,36,41,31,740,6,146,146,33,0.226027,153,720,67,585,,1006,123,0,13.780822,3543,1,0.442485,0,0.457643,3543,0.721112,0.555199,0.266664
incomeTaxRate=0|welfareTransferCents=250000|schoolFundingPerPupilCents=400000,42,b4ff95b2,0,3616,0.039223,-0.000013,-0.045384,19,0,16555.578947,24,0.166667,682203.291667,17,0.647059,1888481.294118,18,0.611111,2197910.777778,18,0.666667,2168907.555556,20,0.7,2332175,14,0.357143,1875317.357143,6,0,1086549.333333,4,0,1089708.75,9,0,17788,10,24,2,120796293,120796293,,197500000,197500000,33,24,0.216783,30,0.139006,0.715596,0.647727,2.098592,14,1848108,10,5,24,0.117647,0.164313,111,529000,404885.36036,143796,249600000,0,0,0,27,463,396650.210526,1650433.61745,109,697,894,36,46,33,824,8,149,149,40,0.268456,156,720,51,680,6,1106,133,0,14.746667,3616,1,0.445906,0,0.482846,3616,0.728591,0.55356,0.293509
incomeTaxRate=0|welfareTransferCents=250000|schoolFundingPerPupilCents=400000,43,1243b6dd,0,3575,0.042582,-0.000033,-0.114345,22,0,0,22,0.227273,764617.772727,11,0.727273,2033593,26,0.461538,1786630.076923,13,0.538462,1411293.230769,15,0.733333,2230799.866667,18,0.277778,1415203.055556,9,0,863070.222222,6,0,863393.166667,5,0,0,10,24,2,157977600,157977600,,187250000,187250000,35,24,0.192857,26,0.143874,0.770642,0.573171,2.070423,11,,4,2,24,0.177778,0.135596,95,441000,373831.578947,291000,239200000,0,0,0,24,453,373659.574468,1412147.85034,110,661,840,36,44,30,749,6,147,147,38,0.258503,154,720,47,521,2,992,145,0.006803,13.496599,3575,1,0.478015,0,0.458632,3575,0.725988,0.54099,0.29281
incomeTaxRate=0|welfareTransferCents=250000|schoolFundingPerPupilCents=400000,44,feb823cb,0,3543,0.010684,-0.000055,-0.111146,17,0,35096.352941,19,0.105263,492275.684211,21,0.47619,1740426.47619,17,0.764706,2438258.235294,19,0.736842,2779569.315789,18,0.777778,2833761.055556,14,0.285714,1788717.285714,10,0,1308676.3,5,0,1373512.6,6,0,0,10,24,2,154764200,154764200,,195750000,195750000,32,24,0.198582,25,0.139736,0.725664,0.643678,2.115942,13,,13,7,24,0.113208,0.127233,110,588000,425663.336364,176894,205200000,0,0,0,21,459,419001.642857,1877302.041096,103,626,813,36,41,31,740,6,146,146,33,0.226027,153,720,67,585,,1006,123,0,13.780822,3543,1,0.442485,0,0.457643,3543,0.721112,0.555199,0.266664
